"DNA Sequence","Associated Disease"
"ACGTACGTAGCA","Cystic Fibrosis"
"TGCATGCATGCA","Sickle Cell Anemia"
"GATCGATCGTAG","Huntington's Disease"
"CGTACGTACGTA","Fragile X Syndrome"
"ATCGATCGTAGC","Beta-Thalassemia"
"TACGTACGTGCA","Familial Hypercholesterolemia"
"AGCTAGCTAGCT","Hereditary Hemochromatosis"
"CTAGCTAGCTAG","Friedreich's Ataxia"
"ACGTAGCTAGCA","Spinocerebellar Ataxia"
"TCGATCGATCAG","Factor V Leiden Thrombophilia"
"GCTAGCTAGCTA","Breast Cancer"
"CGATCGTAGCAT","Marfan Syndrome"
"ATCGTAGCTGCA","Neurofibromatosis"
"TGCATGCACTAG","Turner Syndrome"
"AGCTAGTACGTA","Polycystic Kidney Disease"
"CTAGCTAGCAGT","Myotonic Dystrophy"
"TAGCTAGCTGAT","Albinism"
"ACGTACGTCGAT","Tay-Sachs Disease"
"TCGATGCTAGCA","Wilson's Disease"
"GATACGTACGCA","Retinitis Pigmentosa"
"ACGTAGCATGCA","DiGeorge Syndrome"
"TGCTAGCTAGAC","Achondroplasia"
"AGCTACGTAGCT","Spinal Muscular Atrophy"
"ATCGCTAGCTAG","Xeroderma Pigmentosum"
"CGATCGTACGCA","Phenylketonuria"
"TACGATCAGTCA","Huntington's Disease"
"GCTAGCATGCTG","Amyotrophic Lateral Sclerosis"
"AGCTGACGTGTA","Churg-Strauss Syndrome"
"ATGCAGCTAGCT","Ehlers-Danlos Syndrome"
"CTAGTACGTAGT","Osteogenesis Imperfecta"
"TAGCTACGTCAG","Multiple Sclerosis"
"GCTAGCTCGTAG","Klinefelter Syndrome"
"ACAGTCGTAGAC","Marfan Syndrome"
"TCGTAGCTACAG","Hemophilia A"
"AGCTAGCTGCTA","Hypercholesterolemia"
"CTGACGTAGCTG","Prader-Willi Syndrome"
"ATCGTAGCTGCT","Wilson's Disease"
"TACGTCGACGTA","Osteopetrosis"
"GATCGTACGCTA","Smith-Lemli-Opitz Syndrome"
"CGTAGCTAGTCA","Glutaric Acidemia"
"ACGATGCTAGCA","Charcot-Marie-Tooth Disease"
"TCGATGCTAGAC","Nail-Patella Syndrome"
"GCTACGTAGCAT","Familial Mediterranean Fever"
"AGCTACGATGCT","Alport Syndrome"
"TACGTAGCTGTA","Bardet-Biedl Syndrome"
"CGATCGTAGCAT","Rett Syndrome"
"ATCGTAGCTAGC","Fragile X Syndrome"
"CTAGCTAGTCAG","Congenital Adrenal Hyperplasia"
"TAGCTAGCTGCA","Hyperthyroidism"
"GATCGTAGCTAG","Turner Syndrome"
"ACGTAGCTAGTA","Kallmann Syndrome"
"TCGATCGCTGAC","Hereditary Angioedema"
"AGCTGACGTGCT","Chronic Granulomatous Disease"
"ATCGTAGCAGCA","22q11.2 Deletion Syndrome"
"TACGTCGATGTA","Nonsyndromic Hearing Loss"
"GCTAGTCAGCTA","Cleidocranial Dysostosis"
"ACGTACGTAGCT","Mucopolysaccharidosis Type I"
"TGCATGCTAGAC","Hyper IgM Syndrome"
"GATCGTAGCAGT","Noonan Syndrome"
"CGTAGCTAGCTG","Maffucci Syndrome"
"ATCGTAGCTGAT","Glucose-Galactose Malabsorption"
"CTAGCTAGTCGA","Hyperphenylalaninemia"
"TAGCTAGTCGAT","Cartilage-Hair Hypoplasia"
"ACGTAGCTAGTA","Fibrodysplasia Ossificans Progressiva"
"GATCGATCGCTA","Familial Adenomatous Polyposis"
"TCGTAGCTGCTA","Alagille Syndrome"
"AGCTAGCTAGCT","Usher Syndrome"
"TACGATCGTAGC","Hereditary Sensory Neuropathy"
"GCTAGCTAGGTA","X-Linked Hypophosphatemia"
"ACGTACGTTGCA","Ectodermal Dysplasia"
"GATCGATCGATC","Hypertrichosis"
"TCGATGCTACGT","Smith-Magenis Syndrome"
"AGCTAGCTAGAC","Hypomagnesemia"
"CTAGCTAGTAGT","Aicardi Syndrome"
"TAGCTAGCTGCA","Ciliary Dyskinesia"
"ACGTACGTACAG","Hyperlipidemia"
"TGCATGCTAGGT","Langerhans Cell Histiocytosis"
"GATCGATCGCAT","Oculocutaneous Albinism"
"CGTAGCTGACGT","CHARGE Syndrome"
"ATCGTAGCAGTA","Stickler Syndrome"
"TACGTACGTGTA","Familial Cold Autoinflammatory Syndrome"
"AGCTAGCTGTCA","Naxos Disease"
"CTAGCTAGTCGT","Autosomal Dominant Polycystic Kidney Disease"
"TAGCTAGCTGTA","Autosomal Recessive Polycystic Kidney Disease"
"ACGTAGCAGTCA","Congenital Hypothyroidism"
"TCGATCGTGCTA","Spinal Muscular Atrophy"
"GCTAGCTGCGAT","X-Linked Myotubular Myopathy"
"ACGTAGCTAGGA","Sturge-Weber Syndrome"
"TCGATCGCTGTA","Pallister-Killian Syndrome"
"AGCTAGCTCAGG","Leber's Hereditary Optic Neuropathy"
"TACGATCGCTGC","Williams Syndrome"
"GATCGTAGCTAC","Fanconi Anemia"
"ACGTACGTAGTC","Primary Immunodeficiency"
"TGCATGCATCGC","Aplasia Cutis Congenita"
"GATCGTAGTGCAT","Brachydactyly"
"CGTAGCTAGCAC","Adrenal Insufficiency"
"ATCGTAGCATGGT","Cleft Lip and Palate"
"TACGATCGTAGC","Apert Syndrome"
"AGCTAGCTGTAC","Wolf-Hirschhorn Syndrome"
"CTAGCTGATGCA","Usher Syndrome"
"TAGCTAGCGATC","G6PD Deficiency"
"ACGTAGCTGTCG","Mitochondrial Myopathy"
"TCGATCGTGTAC","Netherton Syndrome"
"GCTAGCTAGTGT","Aicardi-Goutières Syndrome"
"ACGTACGATAGT","Chondrodysplasia"
"GATCGTAGTACG","Gossypiboma"
"TCGTAGCTGTAC","Hyperkalemic Periodic Paralysis"
"AGCTAGCTAGCG","Multiple Mucosal Neuroma Syndrome"
"TACGTACGTGAC","Pseudohypoparathyroidism"
"CTAGCTAGTGTA","Caroli's Disease"
"TAGCTAGCTGAG","Leigh Syndrome"
"ACGTAGCTAGAC","Turner Syndrome"
"TGCATGCTACGA","Wolfram Syndrome"
"GATCGATGTCGT","Hanhart Syndrome"
"CGTAGCTAGTGA","Haff Syndrome"
"ATCGTAGCAGCA","Hypertriglyceridemia"
"TACGATCGTACG","Non-Syndromic Intellectual Disability"
"AGCTAGCTCAGT","Bipolar Disorder"
"CTAGCTAGTCTC","Ehlers-Danlos Syndrome"
"TAGCTAGCTAGT","Congenital Myopathy"
"ACGTAGCTCCTA","X-Linked Lymphoproliferative Syndrome"
"TCGATCGTACAC","Familial Hemophagocytic Lymphohistiocytosis"
"GCTAGCTAGTGC","Hyper IgE Syndrome"
"ACGTACGTACAT","Nephronophthisis"
"TGCATGCTGACA","Nance-Horan Syndrome"
"GATCGATCGCTA","Incontinentia Pigmenti"
"CGTAGCTACGAC","Turner Syndrome"
"ATCGTAGCGTGT","Williams Syndrome"
"TACGATCGTGTG","Jervell and Lange-Nielsen Syndrome"
"AGCTAGCTAGAC","Frasier Syndrome"
"CTAGCTAGCGTA","Malignant Hyperthermia"
"TAGCTAGCTGGT","X-Linked Severe Combined Immunodeficiency"
"ACGTAGCTAGAC","Hypermobile Ehlers-Danlos Syndrome"
"TCGATCGCTGGT","Dandy-Walker Malformation"
"GCTAGCTAGTAC","Atypical Hemolytic Uremic Syndrome"
"ACGTAGCTTACG","Neurogenic Bladder"
"TGCATGCTGTTG","Ectopic Pregnancy"
"GATCGATCGTAC","Becker Muscular Dystrophy"
"CGTAGCTGTCAG","Lysinuric Protein Intolerance"
"ATCGTAGCATCC","Severe Combined Immunodeficiency"
"TACGATCGTGAC","Nevoid Basal Cell Carcinoma"
"AGCTAGCTGAGC","Galactosemia"
"CTAGCTAGCTAG","Distal Chromosomal Deletion Syndrome"
"TAGCTAGCTCAG","Thrombocytopenia"
"ACGTAGCTTACG","Oculodentodigital Dysplasia"
"TGCATGCTGTGA","Schizophrenia"
"GATCGATCGACG","Nonsyndromic Congenital Heart Disease"
"CGTAGCTCTGGT","Miller-Dieker Syndrome"
"ATCGTAGCTGTA","Kabuki Syndrome"
"TACGATCGGACA","Maple Syrup Urine Disease"
"AGCTAGCTGATG","Hyper-IgM Syndrome"
"CTAGCTAGTGTA","Stiff Person Syndrome"
"TAGCTAGCTCAG","Mitochondrial Encephalomyopathy"
"ACGTAGCTGTTG","3-Methylcrotonyl-CoA Carboxylase Deficiency"
"TCGATCGTAGAC","Birt-Hogg-Dubé Syndrome"
"GCTAGCTGTCAC","Congenital Disorders of Glycosylation"
"ACGTAGCTAGCC","Wiskott-Aldrich Syndrome"
"TGCATGCTAGCT","Vascular Ehlers-Danlos Syndrome"
"GATCGATGCTTA","Carcinoid Syndrome"
"CGTAGCTAGGAC","Turner Syndrome"
"ATCGTAGCTAGT","Klinefelter Syndrome"
"TACGATCGTGCA","Achondroplasia"
"AGCTAGCTGACT","Long QT Syndrome"
"CTAGCTAGGCGC","Alpha-1 Antitrypsin Deficiency"
"TAGCTAGTCGCG","Fragile X Syndrome"
"ACGTAGCTAGTG","Microdeletion Syndrome"
"TCGATCGTAGAC","Hypertrophic Cardiomyopathy"
"GCTAGCTACGTA","Sturge-Weber Syndrome"
"AGCTAGCTTCGA","Albinism"
"TACGTAGCTCAG","Shwachman-Diamond Syndrome"
"GATCGTAGGCTG","Mitochondrial Myopathy"
"CGTAGCTTACAC","Mitochondrial Encephalopathy"
"ATCGTAGCCGTA","Ehlers-Danlos Syndrome"
"TGCATGCTAGCC","Wolfram Syndrome"
"ACGTAGCTGACA","Peters Anomaly"
"GATCGTAGTACG","Cystic Fibrosis"
"TCGATCGAGTGA","Peroxisomal Biogenesis Disorder"
"AGCTAGCTCATA","Abetalipoproteinemia"
"TAGCTAGCTGTA","Brachydactyly"
"ACGTAGCAGTAC","Congenital Deafness"
"TGCATGCTGAGC","Hyperthyroidism"
"GATCGATGCTTG","Bile Acid Synthesis Disorder"
"CGTAGCTAGGCA","3-Hydroxy-3-Methylglutaryl-CoA Reductase Deficiency"
"ATCGTAGCTGGT","Glycogen Storage Disease"
"TACGATCGTGTG","Propionic Acidemia"
"AGCTAGCTTAGA","Hermansky-Pudlak Syndrome"
"CTAGCTAGCTTC","Leber Congenital Amaurosis"
"TAGCTAGCTCAG","Xeroderma Pigmentosum"
"ACGTAGCTGTAC","Marfan Syndrome"
"TCGATCGTGTGA","Neurofibromatosis"
"GCTAGCTGACGT","Aicardi-Goutières Syndrome"
"ACGTACGTGATC","Spinal Muscular Atrophy"
"TGCATGCTTAGC","Ehlers-Danlos Syndrome"
"GATCGATCTCGA","Hyperlipidemia"
"CGTAGCTGATGT","Churg-Strauss Syndrome"
"ATCGTAGCTGTG","Hyper IgE Syndrome"
"TACGATCGTACG","Griscelli Syndrome"
"AGCTAGCTCGCA","Ectodermal Dysplasia"
"CTAGCTAGCTTC","Myotonic Dystrophy"
"TAGCTAGCTGCA","Hereditary Angioedema"
"ACGTAGCTACAC","Retinitis Pigmentosa"
"TGCATGCAGGCA","Turner Syndrome"
"GATCGATGTCAC","Familial Hypercholesterolemia"
"CGTAGCTAGGTT","Glutaric Acidemia"
"ATCGTAGGACGT","Noonan Syndrome"
"TACGATCGTCTG","Becker Muscular Dystrophy"
"AGCTAGCTTTCG","Congenital Adrenal Hyperplasia"
"CTAGCTAGCTGT","Smith-Lemli-Opitz Syndrome"
"TAGCTAGCTGTA","Charcot-Marie-Tooth Disease"
"ACGTAGCAGTAC","Nonsyndromic Hearing Loss"
"TGCATGCTACGT","Angelman Syndrome"
"GATCGATGTGCA","Shprintzen-Goldberg Syndrome"
"CGTAGCTGACAC","Marfan Syndrome"
"ATCGTAGGTCAG","Maffucci Syndrome"
"TACGATCGCATA","Dandy-Walker Malformation"
"AGCTAGCTGCGC","Hyper IgM Syndrome"
"CTAGCTAGTGTA","Marfan Syndrome"
"TAGCTAGCTGTA","Hypomyelination"
"ACGTAGCTGATA","Leigh Syndrome"
"TGCATGCTGAGC","Angelman Syndrome"
"GATCGATCGGTA","Dystonia"
"CGTAGCTCGTGA","Rett Syndrome"
"ATCGTAGCTGTG","Oculocutaneous Albinism"
"TACGATCGTACG","Alport Syndrome"
"AGCTAGCTAGTG","Oculocutaneous Albinism"
"CTAGCTAGTACG","Klinefelter Syndrome"
"TAGCTAGCTGAC","Congenital Heart Disease"
"ACGTAGCTAGCA","Ehlers-Danlos Syndrome"
"TGCATGCTAGCA","Familial Mediterranean Fever"
"GATCGATCGTAG","Turner Syndrome"
"CGTAGCTGACGT","Sickle Cell Anemia"
"ATCGTAGCTAGC","Tuberous Sclerosis"
"TACGATCGTCAG","Mitochondrial Myopathy"
"AGCTAGCTTACG","Rett Syndrome"
"CTAGCTAGCTAC","Hereditary Hemochromatosis"
"TAGCTAGCTGTA","Hyperlipidemia"
"ACGTAGCTAGGT","Shwachman-Diamond Syndrome"
"TGCATGCTGTAC","Ehlers-Danlos Syndrome"
"GATCGATGTCGA","Chronic Granulomatous Disease"
"CGTAGCTAGTCA","Alpha-1 Antitrypsin Deficiency"
"ACGTACGTAGCA","Cystic Fibrosis"
"TGCATGCATGCA","Sickle Cell Anemia"
"GATCGATCGTAG","Huntington's Disease"
"CGTACGTACGTA","Fragile X Syndrome"
"ATCGATCGTAGC","Beta-Thalassemia"
"TACGTACGTGCA","Familial Hypercholesterolemia"
"AGCTAGCTAGCT","Hereditary Hemochromatosis"
"CTAGCTAGCTAG","Friedreich's Ataxia"
"ACGTAGCTAGCA","Spinocerebellar Ataxia"
"TCGATCGATCAG","Factor V Leiden Thrombophilia"
"GCTAGCTAGCTA","Breast Cancer"
"CGATCGTAGCAT","Marfan Syndrome"
"ATCGTAGCTGCA","Neurofibromatosis"
"TGCATGCACTAG","Turner Syndrome"
"AGCTAGTACGTA","Polycystic Kidney Disease"
"CTAGCTAGCAGT","Myotonic Dystrophy"
"TAGCTAGCTGAT","Albinism"
"ACGTACGTCGAT","Tay-Sachs Disease"
"TCGATGCTAGCA","Wilson's Disease"
"GATACGTACGCA","Retinitis Pigmentosa"
"AGCTACGTAGCA","Ehlers-Danlos Syndrome"
"TACGATCGTAGC","Spinal Muscular Atrophy"
"CAGTACGTAGCT","Achondroplasia"
"GTCAGCTAGCAT","Osteogenesis Imperfecta"
"TGCATGATCGAT","Fragile X Associated Tremor/Ataxia"
"ATCGATCGTACG","Barth Syndrome"
"GCTAGCTAGTAG","Charcot-Marie-Tooth Disease"
"CGTAGCTAGCTA","22q11.2 Deletion Syndrome"
"ACGTACGATGCA","Hyper IgM Syndrome"
"TAGCTAGCTAGC","DiGeorge Syndrome"
"TGCAGCTAGCTA","Chronic Granulomatous Disease"
"CAGCTAGCTGCA","Aicardi Syndrome"
"AGCTAGCTAGAT","Oculocutaneous Albinism"
"CTGACGTACTAG","Usher Syndrome"
"ATGCATGCTGCA","Williams Syndrome"
"TACGAGCTAGCA","Mucopolysaccharidosis"
"GCTAGTAGCTAG","Marfan Syndrome"
"CAGTAGCTAGCT","Hyperthyroidism"
"TCGTAGCTACGA","Turner Syndrome"
"AGCTAGCATCAG","Klinefelter Syndrome"
"GATCAGCTAGCT","Alport Syndrome"
"CAGATCGTAGCT","Primary Immunodeficiency"
"TAGCTAGCAGTC","Maple Syrup Urine Disease"
"ACGTAGCTAGCA","Langerhans Cell Histiocytosis"
"CTGACGATCAGC","Phenylketonuria"
"TCGATCGTAGCT","Neuroblastoma"
"AGCTAGCTACGT","Maturity Onset Diabetes of the Young"
"GCTAGCAGTAGT","Smith-Lemli-Opitz Syndrome"
"TAGCAGCTACGT","Congenital Adrenal Hyperplasia"
"ATCGCTAGCAGC","Cleft Lip and Palate"
"TCGATAGCTGCA","Xeroderma Pigmentosum"
"AGCTACGTCAGC","Patau Syndrome"
"CAGTAGCTAGGT","Prader-Willi Syndrome"
"ACGTAGATCAGC","Turner Syndrome"
"TAGCTAGCTAGC","Achromatopsia"
"GCTACGTACGCA","Dandy-Walker Malformation"
"TCGATGCTAGAC","Neurofibromatosis Type 2"
"AGCTAGTACGTA","Severe Combined Immunodeficiency"
"GATCGTAGCGAT","G6PD Deficiency"
"CAGCTAGTACGT","Huntington's Disease"
"ATCGATCGTAGA","Retinoblastoma"
"TCGATCGTAGAC","Pheochromocytoma"
"AGCTAGCTGATG","Cystinosis"
"CTAGCTAGCATG","Spherocytosis"
"GCTAGCTAGCAT","Ciliary Dyskinesia"
"TAGCTAGTACAT","Familial Mediterranean Fever"
"CAGCTGACGAGC","Alkaptonuria"
"AGCTAGTCGCTG","Cystic Fibrosis"
"TACGTAGTACGT","Hereditary Angioedema"
"ATCGTAGCTGCG","Myelodysplastic Syndromes"
"TCGTAGCTAGGT","Hyper IgE Syndrome"
"GATCGTAGCAGT","Noonan Syndrome"
"ACGTAGCTGACT","Cornelia de Lange Syndrome"
"TAGCTAGTAGGC","Nijmegen Breakage Syndrome"
"CAGTAGCTGCAT","Fragile X Syndrome"
"TCGACGTACGAC","Glutaric Aciduria Type 1"
"AGCTAGCTAGAT","Osteosarcoma"
"CTAGCTGACGCT","Tuberous Sclerosis"
"ATCGATCGAGAC","Erythropoietic Protoporphyria"
"GCTACGTCGTCA","Congenital Disorders of Glycosylation"
"TAGCTAGCATAG","Sialidosis"
"CAGTAGCTGACC","Wiskott-Aldrich Syndrome"
"TCGACGTAGTCA","Familial Partial Lipodystrophy"
"AGCTACGTGACT","Long QT Syndrome"
"CAGTAGCTAGGT","Cardiomyopathy"
"TAGCTAGTAGAC","Anemia of Chronic Disease"
"TCGATCGCTGAT","Arterial Tortuosity Syndrome"
"GATCGATCGTAC","Zellweger Spectrum Disorders"
"ACGTAGCTAGAC","Hyperphenylalaninemia"
"CTAGCTAGCTGT","Usher Syndrome"
"TAGCTAGCTGAT","Kallmann Syndrome"
"TCGTAGCTGACG","Alport Syndrome"
"GCTAGTCAGCTG","Mitochondrial Myopathy"
"CAGTCGATGAGC","Hyper IgA Syndrome"
"AGCTAGCTGCTG","Thrombocytopenia"
"ATCGTAGTCAGT","Prader-Willi Syndrome"
"TAGCTAGGTCAC","BBS (Bardet-Biedl Syndrome)"
"CAGTCAGTACGT","Hyperoxaluria"
"TCGTAGCTGTAC","Cystic Fibrosis"
"GATCGTAGCAGT","Myoclonus-Dystonia Syndrome"
"AGCTAGCTGATC","Alagille Syndrome"
"CAGTAGCTAGCT","Turner Syndrome"
"ATCGTAGCGTGT","Idiopathic Pulmonary Fibrosis"
"TACGTCAGCTAG","Congenital Hypothyroidism"
"GCTAGCTAGTAG","Atypical Teratoid Rhabdoid Tumor"
"TCGACGTAGTAG","Eosinophilic Esophagitis"
"AGCTAGCTAGCA","Hypotrichosis Lymphadenopathy"
"TAGCTGACGAGT","Dyskeratosis Congenita"
"CAGTAGCTGACT","Hyperinsulinemic Hypoglycemia"
"ACGTACGTCGCA","Mitochondrial Encephalomyopathy"
"CTAGCTAGTACG","Kearns-Sayre Syndrome"
"TAGCTGTCAGTG","Spinal Muscular Atrophy"
"AGCTAGTACGCA","Pompe Disease"
"TCGATCGTAGCT","Cockayne Syndrome"
"CAGTAGTACGCT","Chronic Granulomatous Disease"
"ATCGTAGCTGAC","Early-Onset Alzheimer’s Disease"
"TAGCTAGCATCG","Familial Meniere's Disease"
"TCGACGTCAGAC","Aarskog-Scott Syndrome"
"GCTAGCTAGTAG","Nephrotic Syndrome"
"CAGTCAGTGACT","Hyperparathyroidism"
"AGCTACGTACGT","Joubert Syndrome"
"TAGCTAGCTGGC","Albinism"
"TCGTAGTACGGC","Seckel Syndrome"
"ACGTAGCTAGCA","Lymphangioleiomyomatosis"
"CTAGCTAGCTAC","Retinitis Pigmentosa"
"GATCGTACGATA","X-Linked Hypophosphatemic Rickets"
"TCGATCGTGACT","Langerhans Cell Histiocytosis"
"AGCTAGCTGCAT","Microcephalic Osteodysplastic Primordial Dwarfism"
"TAGCAGCTACGT","Epidermolysis Bullosa"
"CAGTAGCTAGTG","Muir-Torre Syndrome"
"TCGACGTAGCTG","Hyper IgE Syndrome"
"ACGTAGCTAGCT","Tuberous Sclerosis"
"GCTAGCTGACAT","Schizophrenia"
"TAGCTAGCTAGC","Autosomal Dominant Polycystic Kidney Disease"
"CAGCTAGCTGAC","Ellis-van Creveld Syndrome"
"AGCTAGCTGCTA","Chronic Lymphocytic Leukemia"
"TCGTAGCTAGCA","Basal Cell Nevus Syndrome"
"TAGCTGACGTAC","Hyperlipoproteinemia Type III"
"GATCAGCTAGTG","Birt-Hogg-Dubé Syndrome"
"ACGTAGCTAGGA","Somatic Mosaicism"
"CAGTAGCAGTAG","Galactosemia"
"TCGAGCTAGCAG","Down Syndrome"
"AGCTACGTGCTC","Sotos Syndrome"
"TAGCTGACGATA","Lymphangioleiomyomatosis"
"ACGTACGTCGTG","Spinocerebellar Ataxia Type 1"
"CAGTAGCTAGGT","Mitochondrial Disease"
"GCTAGCTACGGT","Kabuki Syndrome"
"TCGATCGTAGAT","Progeria"
"AGCTAGCTGCAG","Hypomagnesemia"
"CTAGCTAGTGCA","3-Methylcrotonyl-CoA Carboxylase Deficiency"
"TAGCAGCTAGTC","Aniridia"
"TCGACGTAGTGA","Marfan Syndrome"
"GATCGAGTCGTC","Sturge-Weber Syndrome"
"CAGTAGCTGCAC","Hyperornithinemia"
"ACGTAGTACGGA","Tetra-amelia Syndrome"
"AGCTAGCTAGAC","Smith-Magenis Syndrome"
"TCGTAGCTGCAG","Cardiofaciocutaneous Syndrome"
"TAGCAGTACGCA","Congenital Disorders of Glycosylation"
"CAGTCGAGTAGT","Mucopolysaccharidosis Type I"
"AGCTAGCTGCGT","Genetic Adrenal Insufficiency"
"TAGCTGTCGCTG","Alstrom Syndrome"
"TCGATCGTACAC","Rothmund-Thomson Syndrome"
"GCTAGCTGTACG","Osteopetrosis"
"CAGTAGCTGATG","Leber Hereditary Optic Neuropathy"
"AGCTACGTGTAG","Pseudoachondroplasia"
"ATCGTAGCTGCG","Prader-Willi Syndrome"
"TAGCTAGCTAGC","Sickle Cell Disease"
"CAGTAGCTGCGT","Angelman Syndrome"
"AGCTAGCTGCTG","Cleidocranial Dysplasia"
"ATCGTAGTCGTA","Goldenhar Syndrome"
"TCGTAGCTCGTA","Ehlers-Danlos Syndrome Type IV"
"GCTAGCAGTCTA","Pectus Excavatum"
"TAGCTGACTAGC","Wernicke-Korsakoff Syndrome"
"CAGTCGAGCAGC","Oculocutaneous Albinism"
"AGCTAGCTAGCA","Usher Syndrome Type 1"
"TAGCTGCTAGCT","Charcot-Marie-Tooth Disease Type 1A"
"TCGACGTAGTCG","Hypertrophic Cardiomyopathy"
"AGCTAGCTGTCG","Galactosemia Type II"
"TAGCAGTACGAG","HFE-Related Hereditary Hemochromatosis"
"CAGTAGCAGGAC","X-Linked Hypophosphatemia"
"GATCGTAGCTAG","Lissencephaly"
"AGCTACGTCGGT","Familial Hypophosphatemic Rickets"
"TAGCTAGTGATC","Acute Lymphoblastic Leukemia"
"CAGTAGCTAGCC","Hypoplastic Left Heart Syndrome"
"TCGATGCTACAT","Non-Syndromic Cleft Lip"
"GCTAGCTGTCAG","Somatic Mutations in Cancer"
"AGCTAGCTAGTC","Mitochondrial Myopathy"
"TAGCAGCTAGGT","Mosaic Down Syndrome"
"CAGTACGTCGAC","Ataxia-telangiectasia"
"AGCTGATCTGAC","Malignant Hyperthermia"
"TCGTAGCTCGTC","Oligodontia"
"CAGTAGCTAGAT","Rieger Syndrome"
"TAGCTAGCTGAC","Atypical Hemolytic Uremic Syndrome"
"AGCTAGCTGACT","Wilson Disease"
"CAGTAGCTGTGA","Hypercholesterolemia"
"ACGTAGCTAGTC","Hypophosphatasia"
"TAGCAGTCTGCA","Alveolar Capillary Dysplasia"
"AGCTACGTGTCG","Cat Eye Syndrome"
"CAGTACGTCGTC","X-Linked Adrenoleukodystrophy"
"TCGATCAGTAGC","Ellis-van Creveld Syndrome"
"GATCGTAGTCAC","Turner Syndrome"
"TAGCTGACGATG","Ataxia-telangiectasia"
"AGCTAGCAGCAC","Familial Dysautonomia"
"TCGTAGCAGCGT","BBS (Bardet-Biedl Syndrome)"
"CAGTAGTCGAGT","Pendred Syndrome"
"AGCTAGTCAGTC","Cystic Fibrosis"
"TAGCTAGCTGAC","Klinefelter Syndrome"
"CAGTAGCTAGTC","Hereditary Angioedema"
"ACGTAGCTGACG","Phenylketonuria"
"TAGCTGACGTAC","Autism Spectrum Disorder"
"CAGTCAGTCAGC","Dandy-Walker Malformation"
"GATCAGCTAGCT","Congenital Diaphragmatic Hernia"
"TCGTAGCTAGGC","Kallmann Syndrome"
"AGCTAGTCTGAC","Congenital Amegakaryocytic Thrombocytopenia"
"TAGCTAGCTTGT","Hyper IgM Syndrome"
"CAGTAGCTGCTG","Mitochondrial Encephalopathy"
"TCGATCGTAGCA","Hereditary Neuropathy"
"AGCTAGTACGTC","Neurofibromatosis Type 1"
"TAGCTAGTACGC","Maple Syrup Urine Disease"
"CAGTCGACTGAC","Smith-Lemli-Opitz Syndrome"
"ATCGTAGCTAGC","Usher Syndrome Type 2"
"TAGCAGCTAGTA","Hemophilia A"
"GCTAGCTGCGAC","Glucose-6-phosphate Dehydrogenase Deficiency"
"TCGATCGTAGTC","Alport Syndrome"
"AGCTAGCTAGTC","Ehlers-Danlos Syndrome"
"CAGTAGCTAGCG","Klippel-Trenaunay Syndrome"
"TAGCTGACGTGC","Hypomelanosis of Ito"
"CAGTCGAGTCAC","Hypercalcemia"
"AGCTAGTCGCTC","Glycogen Storage Disease"
"TAGCAGTCTGGC","Mucopolysaccharidosis Type II"
"TCGTAGCTGCGT","Bardet-Biedl Syndrome"
"ACGTAGCTGATA","Wolfram Syndrome"
"TAGCTAGCTGCT","Roussy-Levy Syndrome"
"GCTAGCTGACGT","Holt-Oram Syndrome"
"CAGTAGCTGAGC","Ciliopathy"
"AGCTAGCTTCGC","Kearns-Sayre Syndrome"
"TAGCTAGCAGAT","Dystonia"
"ACGTAGCTGCTG","Chromosomal Translocations"
"CAGTAGCAGTGA","Williams Syndrome"
"AGCTAGCTAGGC","Ichthyosis"
"TAGCTAGCTGTA","Amegakaryocytic Thrombocytopenia"
"TCGTAGCTGACG","Short Rib-Polydactyly Syndrome"
"CAGTAGCTGATG","Tetrallene"
"AGCTAGCTAGAT","Fanconi Anemia"
"TAGCTAGTCTAC","Osteopetrosis"
"ACGTAGCTAGTG","Turner Syndrome"
"TCGAGCTGTCAT","Nevoid Basal Cell Carcinoma"
"AGCTAGCTGACT","Achondroplasia"
"TAGCTAGCTGAT","Brachydactyly"
"CAGTAGCTGCTT","Atrial Fibrillation"
"TCGTAGCTAGGT","Hyperlipidemia"
"AGCTAGCTGCGG","Osteogenesis Imperfecta"
"TAGCTAGTCGAT","Chondrodysplasia"
"CAGTAGCTGCTG","Sickle Cell Trait"
"ACGTAGCTAGAG","Tuberous Sclerosis"
"TAGCTAGCTGAC","Dandy-Walker Malformation"
"GCTAGCTTAGCT","Schizophrenia"
"CAGTAGCTGACT","Prader-Willi Syndrome"
"TAGCAGTCTGAC","Ataxia-telangiectasia"
"TCGTAGCTGAGC","Hyperparathyroidism"
"ACGTAGCTGACG","Churg-Strauss Syndrome"
"TAGCTGACGTGT","Neonatal Diabetes"
"CAGTAGCTGATG","Congenital Anemia"
"AGCTAGCTGCTC","Pseudohypoparathyroidism"
"TAGCTAGTGTAG","X-Linked Myopathy"
"CAGTCAGTACGC","Scimitar Syndrome"
"AGCTAGCTAGTA","Hypertriglyceridemia"
"CAGTAGCTGACG","Kallmann Syndrome"
"TAGCTAGCTGTC","X-Linked Severe Combined Immunodeficiency"
"TCGTAGCTGACT","Holt-Oram Syndrome"
"GCTAGCTGAGAC","VACTERL Association"
"CAGTAGCTAGCA","BBS (Bardet-Biedl Syndrome)"
"AGCTAGCTGATG","Short Stature"
"TAGCAGTCGTGC","Long QT Syndrome"
"CAGTAGCTGTAG","Spondyloepiphyseal Dysplasia"
"GATCAGCTAGAC","Epidermolysis Bullosa"
"AGCTAGCTGCTG","Melanoma"
"TAGCTAGCTGCA","Colorectal Cancer"
"TCGTAGCTGATG","Acute Lymphoblastic Leukemia"
"ACGTAGCTAGGC","Hypergonadotropic Hypogonadism"
"CAGTAGCTGTCG","Cardiofaciocutaneous Syndrome"
"TAGCTGACGTAG","Cystic Fibrosis"
"AGCTAGTCAGGT","Hypoaldosteronism"
"TAGCTAGCTGCG","Fabry Disease"
"CAGTAGCTGCGT","Neurodegeneration with Brain Iron Accumulation"
"AGCTAGCTGTCG","Congenital Heart Disease"
"TCGATCGTAGCG","Osteosarcoma"
"GCTAGCAGCAGC","Wilms Tumor"
"TAGCTGCTAGAC","Axenfeld-Rieger Syndrome"
"CAGTAGCTGACT","Turner Syndrome"
"AGCTAGTCTAGC","Thrombotic Thrombocytopenic Purpura"
"TAGCTGAGCTGT","X-Linked Lissencephaly"
"TCGACGTGTCAC","Brachydactyly"
"AGCTAGCTGACG","Megalencephaly"
"TAGCTAGCTGTC","Hypophosphatemic Rickets"
"CAGTCGACTGGT","Hyperphenylalaninemia"
"GCTAGCTAGTAC","Down Syndrome"
"CAGTAGCTGAGT","Antley-Bixler Syndrome"
"TAGCTGAGTGTG","Focal Dermal Hypoplasia"
"AGCTACGTCGCT","Microdeletion 22q11.2"
"TAGCTGACGACG","Schwartz-Jampel Syndrome"
"CAGTAGCTACAG","Dandy-Walker Malformation"
"AGCTAGTGTACG","Cystic Fibrosis"
"TAGCTAGTAGTG","Turner Syndrome"
"GCTAGCTAGTAC","Osteogenesis Imperfecta"
"TAGCTGCTAGAC","Cornelia de Lange Syndrome"
"CAGTAGCTGCGC","Ehlers-Danlos Syndrome"
"AGCTAGTCTGGC","Dandy-Walker Malformation"
"TAGCAGTCTGTA","Hartsfield Syndrome"
"CAGTAGCTGTGT","Ogden Syndrome"
"AGCTAGTACGCA","Klinefelter Syndrome"
"TAGCTAGCTGCA","Pierre Robin Sequence"
"GCTAGCTAGTGC","Hereditary Pulmonary Alveolar Proteinosis"
"CAGTAGCTGACT","Congenital Disorder of Glycosylation"
"AGCTAGTCGTCA","Primary Immunodeficiency"
"TAGCAGTCTGTG","Schizophrenia"
"GCTAGCTAGCTC","Spinocerebellar Ataxia Type 3"
"CAGTAGCTGACC","Primary Ciliary Dyskinesia"
"TCGATCGTACGT","Hereditary Neuropathy"
"AGCTAGTCTACG","Hyperphenylalaninemia"
"TAGCTAGCTGAC","Alveolar Capillary Dysplasia"
"CAGTCGACGTCG","Usher Syndrome Type 2"
"AGCTGATCTGAC","Sickle Cell Anemia"
"TAGCTAGTGACG","Hypoparathyroidism"
"GCTAGCTAGTCT","Hypoplastic Left Heart Syndrome"
"CAGTAGCTGTCA","Angelman Syndrome"
"AGCTAGCTGACT","Alport Syndrome"
"TAGCTAGCTGTC","Cerebellar Ataxia Type 1"
"CAGTCGTCGATG","Dandy-Walker Malformation"
"AGCTAGCTAGGT","Retinitis Pigmentosa"
"TAGCTAGTCGTA","Beckwith-Wiedemann Syndrome"
"GCTAGCTTAGCT","Non-Syndromic Cleft Lip"
"CAGTAGCTGCTG","Nevoid Basal Cell Carcinoma"
"AGCTAGCTGACG","Cornelia de Lange Syndrome"
"TAGCTAGCTGTC","Autism Spectrum Disorder"
"CAGTCAGTGACG","Turner Syndrome"
"AGCTAGCTGATC","Albinism"
"TAGCTAGCTGAT","Glycogen Storage Disease"
"CAGTAGCTGTCG","Ehlers-Danlos Syndrome"
"AGCTAGCTAGCT","Hyperlipoproteinemia Type III"
"TAGCTAGCTAGT","Mucopolysaccharidosis Type I"
"TCGTAGCTGTAC","Congenital Heart Disease"
"AGCTACGTCGGT","Hereditary Angioedema"
"CAGTAGCTGAGG","Genetic Adrenal Insufficiency"
"TAGCTAGCTGGC","Alagille Syndrome"
"GCTAGCTAGCAT","Osteosarcoma"
"CAGTCGAGCAGT","Bardet-Biedl Syndrome"
"AGCTAGCTGCTG","Hypercholesterolemia"
"TAGCTAGCTGCA","Fragile X Syndrome"
"TCGTAGCTGACG","Turner Syndrome"
"CAGTAGCTGCTT","Usher Syndrome Type 1"
"AGCTAGCTGTGT","Prader-Willi Syndrome"
"TAGCAGTACGAC","X-Linked Severe Combined Immunodeficiency"
"GCTAGCTGTGAC","Dandy-Walker Malformation"
"CAGTAGCTGAGC","Ataxia-telangiectasia"
"AGCTAGCTAGTC","Osteogenesis Imperfecta"
"TAGCTGCTAGTC","Maple Syrup Urine"
"CAGTACGTCGAC","Ataxia-telangiectasia"
"AGCTGATCTGAC","Malignant Hyperthermia"
"TCGTAGCTCGTC","Oligodontia"
"CAGTAGCTAGAT","Rieger Syndrome"
"TAGCTAGCTGAC","Atypical Hemolytic Uremic Syndrome"
"AGCTAGCTGACT","Wilson Disease"
"CAGTAGCTGTGA","Hypercholesterolemia"
"ACGTAGCTAGTC","Hypophosphatasia"
"TAGCAGTCTGCA","Alveolar Capillary Dysplasia"
"AGCTACGTGTCG","Cat Eye Syndrome"
"CAGTACGTCGTC","X-Linked Adrenoleukodystrophy"
"TCGATCAGTAGC","Ellis-van Creveld Syndrome"
"GATCGTAGTCAC","Turner Syndrome"
"TAGCTGACGATG","Ataxia-telangiectasia"
"AGCTAGCAGCAC","Familial Dysautonomia"
"TCGTAGCAGCGT","BBS (Bardet-Biedl Syndrome)"
"CAGTAGTCGAGT","Pendred Syndrome"
"AGCTAGTCAGTC","Cystic Fibrosis"
"TAGCTAGCTGAC","Klinefelter Syndrome"
"CAGTAGCTAGTC","Hereditary Angioedema"
"ACGTAGCTGACG","Phenylketonuria"
"TAGCTGACGTAC","Autism Spectrum Disorder"
"CAGTCAGTCAGC","Dandy-Walker Malformation"
"GATCAGCTAGCT","Congenital Diaphragmatic Hernia"
"TCGTAGCTAGGC","Kallmann Syndrome"
"AGCTAGTCTGAC","Congenital Amegakaryocytic Thrombocytopenia"
"TAGCTAGCTTGT","Hyper IgM Syndrome"
"CAGTAGCTGCTG","Mitochondrial Encephalopathy"
"TCGATCGTAGCA","Hereditary Neuropathy"
"AGCTAGTACGTC","Neurofibromatosis Type 1"
"TAGCTAGTACGC","Maple Syrup Urine Disease"
"CAGTCGACTGAC","Smith-Lemli-Opitz Syndrome"
"ATCGTAGCTAGC","Usher Syndrome Type 2"
"TAGCAGCTAGTA","Hemophilia A"
"GCTAGCTGCGAC","Glucose-6-phosphate Dehydrogenase Deficiency"
"TCGATCGTAGTC","Alport Syndrome"
"AGCTAGCTAGTC","Ehlers-Danlos Syndrome"
"CAGTAGCTAGCG","Klippel-Trenaunay Syndrome"
"TAGCTGACGTGC","Hypomelanosis of Ito"
"CAGTCGAGTCAC","Hypercalcemia"
"AGCTAGTCGCTC","Glycogen Storage Disease"
"TAGCAGTCTGGC","Mucopolysaccharidosis Type II"
"TCGTAGCTGCGT","Bardet-Biedl Syndrome"
"ACGTAGCTGATA","Wolfram Syndrome"
"TAGCTAGCTGCT","Roussy-Levy Syndrome"
"GCTAGCTGACGT","Holt-Oram Syndrome"
"CAGTAGCTGAGC","Ciliopathy"
"AGCTAGCTTCGC","Kearns-Sayre Syndrome"
"TAGCTAGCAGAT","Dystonia"
"ACGTAGCTGCTG","Chromosomal Translocations"
"CAGTAGCAGTGA","Williams Syndrome"
"AGCTAGCTAGGC","Ichthyosis"
"TAGCTAGCTGTA","Amegakaryocytic Thrombocytopenia"
"TCGTAGCTGACG","Short Rib-Polydactyly Syndrome"
"CAGTAGCTGATG","Tetrallene"
"AGCTAGCTAGAT","Fanconi Anemia"
"TAGCTAGTCTAC","Osteopetrosis"
"ACGTAGCTAGTG","Turner Syndrome"
"TCGAGCTGTCAT","Nevoid Basal Cell Carcinoma"
"AGCTAGCTGACT","Achondroplasia"
"TAGCTAGCTGAT","Brachydactyly"
"CAGTAGCTGCTT","Atrial Fibrillation"
"TCGTAGCTAGGT","Hyperlipidemia"
"AGCTAGCTGCGG","Osteogenesis Imperfecta"
"TAGCTAGTCGAT","Chondrodysplasia"
"CAGTAGCTGCTG","Sickle Cell Trait"
"ACGTAGCTAGAG","Tuberous Sclerosis"
"TAGCTAGCTGAC","Dandy-Walker Malformation"
"GCTAGCTTAGCT","Schizophrenia"
"CAGTAGCTGACT","Prader-Willi Syndrome"
"TAGCAGTCTGAC","Ataxia-telangiectasia"
"TCGTAGCTGAGC","Hyperparathyroidism"
"ACGTAGCTGACG","Churg-Strauss Syndrome"
"TAGCTGACGTGT","Neonatal Diabetes"
"CAGTAGCTGATG","Congenital Anemia"
"AGCTAGCTGCTC","Pseudohypoparathyroidism"
"TAGCTAGTGTAG","X-Linked Myopathy"
"CAGTCAGTACGC","Scimitar Syndrome"
"AGCTAGCTAGTA","Hypertriglyceridemia"
"CAGTAGCTGACG","Kallmann Syndrome"
"TAGCTAGCTGTC","X-Linked Severe Combined Immunodeficiency"
"TCGTAGCTGACT","Holt-Oram Syndrome"
"GCTAGCTGAGAC","VACTERL Association"
"CAGTAGCTAGCA","BBS (Bardet-Biedl Syndrome)"
"AGCTAGCTGATG","Short Stature"
"TAGCAGTCGTGC","Long QT Syndrome"
"CAGTAGCTGTAG","Spondyloepiphyseal Dysplasia"
"GATCAGCTAGAC","Epidermolysis Bullosa"
"AGCTAGCTGCTG","Melanoma"
"TAGCTAGCTGCA","Colorectal Cancer"
"TCGTAGCTGATG","Acute Lymphoblastic Leukemia"
"ACGTAGCTAGGC","Hypergonadotropic Hypogonadism"
"CAGTAGCTGTCG","Cardiofaciocutaneous Syndrome"
"TAGCTGACGTAG","Cystic Fibrosis"
"AGCTAGTCAGGT","Hypoaldosteronism"
"TAGCTAGCTGCG","Fabry Disease"
"CAGTAGCTGCGT","Neurodegeneration with Brain Iron Accumulation"
"AGCTAGCTGTCG","Congenital Heart Disease"
"TCGATCGTAGCG","Osteosarcoma"
"GCTAGCAGCAGC","Wilms Tumor"
"TAGCTGCTAGAC","Axenfeld-Rieger Syndrome"
"CAGTAGCTGACT","Turner Syndrome"
"AGCTAGTCTAGC","Thrombotic Thrombocytopenic Purpura"
"TAGCTGAGCTGT","X-Linked Lissencephaly"
"TCGACGTGTCAC","Brachydactyly"
"AGCTAGCTGACG","Megalencephaly"
"TAGCTAGCTGTC","Hypophosphatemic Rickets"
"CAGTCGACTGGT","Hyperphenylalaninemia"
"GCTAGCTAGTAC","Down Syndrome"
"CAGTAGCTGAGT","Antley-Bixler Syndrome"
"TAGCTGAGTGTG","Focal Dermal Hypoplasia"
"AGCTACGTCGCT","Microdeletion 22q11.2"
"TAGCTGACGACG","Schwartz-Jampel Syndrome"
"CAGTAGCTACAG","Dandy-Walker Malformation"
"AGCTAGTGTACG","Cystic Fibrosis"
"TAGCTAGTAGTG","Turner Syndrome"
"GCTAGCTAGTAC","Osteogenesis Imperfecta"
"TAGCTGCTAGAC","Cornelia de Lange Syndrome"
"CAGTAGCTGCGC","Ehlers-Danlos Syndrome"
"AGCTAGTCTGGC","Dandy-Walker Malformation"
"TAGCAGTCTGTA","Hartsfield Syndrome"
"CAGTAGCTGTGT","Ogden Syndrome"
"AGCTAGTACGCA","Klinefelter Syndrome"
"TAGCTAGCTGCA","Pierre Robin Sequence"
"GCTAGCTAGTGC","Hereditary Pulmonary Alveolar Proteinosis"
"CAGTAGCTGACT","Congenital Disorder of Glycosylation"
"AGCTAGTCGTCA","Primary Immunodeficiency"
"TAGCAGTCTGTG","Schizophrenia"
"GCTAGCTAGCTC","Spinocerebellar Ataxia Type 3"
"CAGTAGCTGACC","Primary Ciliary Dyskinesia"
"TCGATCGTACGT","Hereditary Neuropathy"
"AGCTAGTCTACG","Hyperphenylalaninemia"
"TAGCTAGCTGAC","Alveolar Capillary Dysplasia"
"CAGTCGACGTCG","Usher Syndrome Type 2"
"AGCTGATCTGAC","Sickle Cell Anemia"
"TAGCTAGTGACG","Hypoparathyroidism"
"GCTAGCTAGTCT","Hypoplastic Left Heart Syndrome"
"CAGTAGCTGTCA","Angelman Syndrome"
"AGCTAGCTGACT","Alport Syndrome"
"TAGCTAGCTGTC","Cerebellar Ataxia Type 1"
"CAGTCGTCGATG","Dandy-Walker Malformation"
"AGCTAGCTAGGT","Retinitis Pigmentosa"
"TAGCTAGTCGTA","Beckwith-Wiedemann Syndrome"
"GCTAGCTTAGCT","Non-Syndromic Cleft Lip"
"CAGTAGCTGCTG","Nevoid Basal Cell Carcinoma"
"AGCTAGCTGACG","Cornelia de Lange Syndrome"
"TAGCTAGCTGTC","Autism Spectrum Disorder"
"CAGTCAGTGACG","Turner Syndrome"
"AGCTAGCTGATC","Albinism"
"TAGCTAGCTGAT","Glycogen Storage Disease"
"CAGTAGCTGTCG","Ehlers-Danlos Syndrome"
"AGCTAGCTAGCT","Hyperlipoproteinemia Type III"
"TAGCTAGCTAGT","Mucopolysaccharidosis Type I"
"TCGTAGCTGTAC","Congenital Heart Disease"
"AGCTACGTCGGT","Hereditary Angioedema"
"CAGTAGCTGAGG","Genetic Adrenal Insufficiency"
"TAGCTAGCTGGC","Alagille Syndrome"
"GCTAGCTAGCAT","Osteosarcoma"
"CAGTCGAGCAGT","Bardet-Biedl Syndrome"
"AGCTAGCTGCTG","Hypercholesterolemia"
"TAGCTAGCTGCA","Fragile X Syndrome"
"TCGTAGCTGACG","Turner Syndrome"
"CAGTAGCTGCTT","Usher Syndrome Type 1"
"AGCTAGCTGTGT","Prader-Willi Syndrome"
"TAGCAGTACGAC","X-Linked Severe Combined Immunodeficiency"
"GCTAGCTGTGAC","Dandy-Walker Malformation"
"CAGTAGCTGAGC","Ataxia-telangiectasia"
"AGCTAGCTAGTC","Osteogenesis Imperfecta"
"TAGCTGCTAGTC","Maple Syrup Urine Disease"
"TCGTAGCTGTAG","Alagille Syndrome"
"AGCTAGCTAGCT","Thrombotic Thrombocytopenic Purpura"
"CAGTCGTCGACG","Gitelman Syndrome"
"TAGCTAGTAGTG","Myeloproliferative Disorder"
"GCTAGCTAGTAC","Turner Syndrome"
"CAGTAGCTGACG","Ehlers-Danlos Syndrome"
"AGCTAGCTAGAG","Neurofibromatosis Type 1"
"TAGCTAGCTGTG","Familial Hypercholesterolemia"
"GCTAGCTAGCAG","Fragile X Syndrome"
"TAGCTAGCTGTC","Congenital Disorders of Glycosylation"
"AGCTAGCTAGGA","Maple Syrup Urine Disease"
"CAGTAGCTGTAG","Hyperparathyroidism"
"AGCTAGCTGACT","Alagille Syndrome"
"TAGCTAGCTGCA","Hyperlipidemia"
"TCGTAGCTGCTG","Turner Syndrome"
"AGCTACGTGAGT","Hypertriglyceridemia"
"TAGCTAGCTGAG","Alstrom Syndrome"
"CAGTAGCTAGCG","Familial Hypercholesterolemia"
"AGCTAGCTGTTC","Spinal Muscular Atrophy"
"TAGCTAGTCTAG","Turner Syndrome"
"CAGTCGTCGATG","Hyperparathyroidism"
"GCTAGCTGCGG","Glucose-6-phosphate Dehydrogenase Deficiency"
"AGCTAGCTGGTG","Maple Syrup Urine Disease"
"TAGCTAGCTGAC","Cleidocranial Dysplasia"
"CAGTAGCTGTGT","X-Linked Severe Combined Immunodeficiency"
"AGCTAGCTGACT","Primary Hyperoxaluria"
"TAGCTAGCTGTC","Turner Syndrome"
"GCTAGCTGACCT","Ehlers-Danlos Syndrome"
"CAGTAGCTGACG","Mucopolysaccharidosis Type I"
"AGCTAGCTGTCG","Hyperparathyroidism"
"TAGCTAGCTGAG","Turner Syndrome"
"CAGTAGCTGCTT","Congenital Heart Disease"
"AGCTACGTGTGT","Galactosemia"
"TAGCTAGTAGGT","Hyperlipidemia"
"CAGTAGCTGCTG","X-Linked Hypophosphatemia"
"AGCTAGCTGACG","Maple Syrup Urine Disease"
"TAGCTAGCTGCA","Chondrodysplasia"
"CAGTAGCTGACT","Turner Syndrome"
"AGCTAGCTAGAT","Hereditary Hemorrhagic Telangiectasia"
"TAGCTGACGTCG","Familial Hypercholesterolemia"
"AGCTAGCTGACT","Wiskott-Aldrich Syndrome"
"TAGCTAGCTGGT","X-Linked Severe Combined Immunodeficiency"
"CAGTAGCTGGTG","Ehlers-Danlos Syndrome"
"AGCTAGCTGTTC","Brachydactyly"
"TAGCTAGTGTGT","Neurofibromatosis Type 2"
"CAGTCGAGCTAC","Cleidocranial Dysplasia"
"AGCTAGCTGCGC","Pheochromocytoma"
"TAGCTAGCTGTG","Spinal Muscular Atrophy"
"CAGTAGCTGAGC","Turner Syndrome"
"AGCTAGCTGATG","Hyperlipoproteinemia"
"TAGCTAGCTGTG","Langerhans Cell Histiocytosis"
"CAGTAGCTGCTC","Tuberous Sclerosis"
"AGCTAGCTAGTC","Hydrocephalus"
"TAGCTAGCTGAC","Hereditary Angioedema"
"AGCTAGCTGTTT","Albinism"
"TAGCTGCTGCTG","X-Linked Hypophosphatemia"
"CAGTAGCTGTAG","Turner Syndrome"
"AGCTAGCTGGTG","Hyperphenylalaninemia"
"TAGCTAGCTGTC","Hyperlipidemia"
"CAGTCGTCGTCG","Ehlers-Danlos Syndrome"
"AGCTAGCTGACG","Turner Syndrome"
"TAGCTAGCTGGC","Mucopolysaccharidosis Type I"
"AGCTAGCTGCGG","Congenital Heart Disease"
"TAGCTAGCTGTC","Turner Syndrome"
"CAGTCAGTCAGT","Cystic Fibrosis"
"AGCTAGCTGACT","Neurofibromatosis Type 1"
"TAGCTGCTGTCG","Ehlers-Danlos Syndrome"
"GCTAGCTAGCAC","Alagille Syndrome"
"TAGCTGCTAGCT","Turner Syndrome"
"CAGTAGCTGTGT","Hyperlipidemia"
"AGCTAGCTGATG","Osteogenesis Imperfecta"
"TAGCTAGCTGCT","Pheochromocytoma"
"GCTAGCTGAGAC","X-Linked Hypophosphatemia"
"AGCTAGCTAGTC","Congenital Heart Disease"
"CAGTAGCTGACT","Maple Syrup Urine Disease"
"TAGCTAGCTGAG","Hyperlipidemia"
"GCTAGCTGTCG","Turner Syndrome"
"AGCTAGCTGTAG","Ehlers-Danlos Syndrome"
"CAGTAGCTGTGT","Hyperparathyroidism"
"TAGCTAGCTGCT","Sickle Cell Disease"
"AGCTAGCTGACT","Alagille Syndrome"
"CAGTAGCTGTGT","Maple Syrup Urine Disease"
"TAGCTAGCTGCA","Hypophosphatemic Rickets"
"AGCTAGCTGTAC","Turner Syndrome"
"TAGCTAGCTGAC","Angelman Syndrome"
"CAGTAGCTGTCG","Schizophrenia"
"GCTAGCTGAGTC","Congenital Disorders of Glycosylation"
"TAGCTAGTGATG","Turner Syndrome"
"AGCTAGCTGCTG","Ehlers-Danlos Syndrome"
"CAGTCGAGTAGG","Neurofibromatosis Type 1"
"TAGCTAGCTGAC","Hyperlipidemia"
"AGCTAGCTGTG","Usher Syndrome Type 1"
"CAGTAGCTGTCG","Turner Syndrome"
"TAGCTAGCTGAC","Mitochondrial Disease"
"AGCTAGCTGGTG","Hyperphenylalaninemia"
"CAGTAGCTGCTC","Osteogenesis Imperfecta"
"AGCTAGCTGATG","Turner Syndrome"
"TAGCTAGCTGAC","Hyperlipidemia"
"CAGTAGCTGTAG","Ehlers-Danlos Syndrome"
"AGCTAGCTGTCG","Prader-Willi Syndrome"
"TAGCTAGCTGAG","Galactosemia"
"CAGTCGTCGACG","Alagille Syndrome"
"TAGCTAGCTGTG","Kallmann Syndrome"
"AGCTAGCTGCGC","Turner Syndrome"
"TAGCTAGCTGAG","Maple Syrup Urine Disease"
"CAGTAGCTGAGC","Hyperlipidemia"
"GCTAGCTGTCG","Hyperphenylalaninemia"
"TAGCTAGCTGAC","Usher Syndrome Type 2"
"CAGTAGCTGTAG","Spinal Muscular Atrophy"
"AGCTAGCTGAGC","Cleidocranial Dysplasia"
"TAGCTAGCTGCG","Turner Syndrome"
"CAGTAGCTGTCG","Ehlers-Danlos Syndrome"
"TAGCTAGCTGAC","Hyperlipidemia"
"AGCTAGCTGGTG","Maple Syrup Urine Disease"
"CAGTAGCTGACT","Turner Syndrome"
"TAGCTAGCTGGC","Alagille Syndrome"
"AGCTAGCTGACT","Hyperlipidemia"
"TAGCTAGCTGAC","Usher Syndrome Type 1"
"CAGTAGCTGCTC","Neurofibromatosis Type 2"
"AGCTAGCTGTCG","Turner Syndrome"
"TAGCTAGCTGAG","Hypophosphatemic Rickets"
"CAGTAGCTGTGT","Congenital Heart Disease"
"AGCTAGCTGACG","Hyperlip"
